-0.0635,0.00016666666666666666,0.00016666666666666666,0.00016666666666666666,0.0003333333333333333,0.0003333333333333333,0.0003333333333333333,0.0005,0.0005,0.0005,0.0006666666666666666,0.0006666666666666666,0.0006666666666666666,0.0008333333333333334,0.0008333333333333334,0.0008333333333333334,0.001,0.001,0.001
-0.06281500000000007,0.00016830028754630437,0.00016503304578356683,0.00016666666666492793,0.000334966954211229,0.0003316997124484911,0.0003333333333298562,0.0005016336208761569,0.0004983663791134189,0.0004999999999947855,0.000668300287541087,0.000665033045778348,0.0006666666666597155,0.0008349669542060183,0.0008316997124432787,0.0008333333333246471,0.0010016336208709528,0.000998366379108212,0.0009999999999895815
-0.06213000000000014,0.0001699339084089302,0.00016339942489629542,0.0001666666666524894,0.0003366005750613639,0.00033006609154872336,0.00033333333330498187,0.0005032672417138443,0.0004967327582011998,0.0004999999999574812,0.0006699339083663453,0.0006633994248536951,0.0006666666666099892,0.0008366005750188629,0.0008300660915062064,0.0008333333332625103,0.0010032672416714,0.0009967327581587356,0.000999999999915048
-0.061445000000000374,0.0001715675292367192,0.00016176580400030188,0.00016666666661788526,0.00033823419585432015,0.00032843247061786773,0.00033333333323578147,0.0005049008624721429,0.0004950991372356733,0.0004999999998537003,0.000671567529090052,0.000661765803853563,0.0006666666664716511,0.0008382341957080271,0.0008284324704715151,0.0008333333330896464,0.001004900862326071,0.000995099137089531,0.0009999999997076976
-0.06076000000000085,0.00017320115001085847,0.0001601321830905874,0.0001666666665487454,0.00033986781655870817,0.0003267988496383024,0.00033333333309751767,0.0005065344831072308,0.0004934655161867732,0.0004999999996463441,0.000673201149655998,0.0006601321827354905,0.0006666666661952503,0.0008398678162049417,0.0008267988492843763,0.0008333333327442643,0.0010065344827540589,0.0009934655158334246,0.0009999999992934135
-0.06007500000000166,0.00017483477071142828,0.00015849856216166314,0.0001666666664317135,0.00034150143714097156,0.0003251652285908141,0.0003333333328634811,0.0005081681035721063,0.0004918318950218221,0.0004999999992953573,0.0006748347700037968,0.0006584985614534039,0.0006666666657273949,0.0008415014364358696,0.0008251652278853561,0.0008333333321596489,0.0010081681028683038,0.0009918318943176493,0.000999999998592174
-0.05939000000000293,0.0001764683913172686,0.00015686494120750356,0.00016666666625235533,0.0003431350575651676,0.0003235316074544512,0.000333333332504807,0.0005098017238162794,0.0004901982737052904,0.0004999999987574517,0.0006764683900684844,0.0006568649399572848,0.0006666666650103847,0.0008431350563214139,0.0008235316062099911,0.000833333331263703,0.0010098017225750077,0.0009901982724633298,0.000999999997517503
-0.05870500000000479,0.00017810201180583582,0.00015523132022149624,0.0001666666659950595,0.0003447686777927298,0.000321897986206365,0.0003333333319902769,0.0005114353437854354,0.0004885646521985375,0.0004999999979858102,0.0006781020097800846,0.0006552313181928111,0.000666666663981816,0.0008447686757759847,0.0008218979841883306,0.0008333333299784528,0.001011435341773006,0.0009885646501849247,0.0009999999959758783
-0.0580200000000074,0.00017973563215304236,0.00015359769919638558,0.00016666666564292597,0.0003464022977822004,0.00032026436482163195,0.0003333333312860952,0.0005130689634210575,0.00048693103045952137,0.0004999999969297509,0.000679735629063121,0.0006535976961009542,0.000666666662574135,0.0008464022947072018,0.0008202643617444228,0.000833333328219491,0.0010130689603530549,0.0009869310273896033,0.0009999999938660614
-0.05733500000001093,0.0001813692523330806,0.0001519640781242112,0.0001666666651776438,0.00034803591748893694,0.00031863074327305896,0.0003333333303556452,0.0005147025826600124,0.00048529740844248007,0.0004999999955343619,0.0006813692478360812,0.0006519640736175389,0.00066666666071415,0.0008480359130152353,0.0008186307387957524,0.000833333325895367,0.0010147025781970563,0.0009852974039765605,0.0009999999910783694
-0.056650000000015584,0.00018300287231822634,0.00015033045699623955,0.00016666666457935424,0.00034966953686478303,0.0003169971215309671,0.0003333333291592154,0.0005163362014340851,0.0004836637860975764,0.0004999999937400904,0.0006830028660108155,0.0006503304506727508,0.0006666666583224845,0.0008496695305920704,0.0008169971152526119,0.0008333333229069042,0.0010163361951771844,0.000983663779836253,0.0009999999874938546
-0.05596500000002158,0.00018463649207862276,0.00014869683580288862,0.00016666666382650052,0.00035130315585770583,0.00031536349956295327,0.00033333332765369877,0.0005179698196694676,0.0004820301633705085,0.0004999999914822924,0.0006846364834918766,0.0006486968271905968,0.0006666666553129772,0.0008513031473206973,0.0008153634910174112,0.00083333331914645,0.0010179698111549256,0.0009820301548495597,0.0009999999829834053
-0.05528000000002918,0.0001862701115820393,0.00014706321453364488,0.00016666666289565996,0.00035293677441139085,0.00031372987733362616,0.00033333332579225727,0.0005196034372861875,0.00048039654020207606,0.0004999999886907293,0.0006862701001757806,0.0006470632030883025,0.0006666666515920109,0.0008529367630742054,0.0008137298659839092,0.000833333314497038,0.0010196034259800095,0.0009803965288868448,0.0009999999774067438
-0.05459500000003867,0.00018790373079360313,0.00014542959317697068,0.00016666666176135735,0.00035457039246479045,0.00031209625480431273,0.0003333333235239489,0.0005212370541974705,0.0004787629165276985,0.0004999999852890086,0.0006879037159501851,0.0006454295782756445,0.0006666666470577677,0.0008545703777147757,0.0008120962400363591,0.0008333333088314582,0.0010212370394892141,0.00097876290180692,0.0009999999706113085
-0.05391000000005039,0.00018953734967549967,0.0001437959717202021,0.00016666666039585721,0.00035620400995162014,0.00031046263193273326,0.00033333332079331195,0.0005228706703090307,0.0004771292922768807,0.0004999999811939614,0.000689537330692972,0.000643795952654208,0.0006666666415993994,0.0008562039910925593,0.0008104626130485595,0.0008333333020112202,0.0010228706515050404,0.0009771292734558877,0.0009999999624310135
-0.0532250000000647,0.00019117096818663837,0.00014216235014943564,0.0001666666587689323,0.00035783762679979556,0.00030882900867263953,0.00033333331753990247,0.0005245042855182768,0.00047549566737261793,0.0004999999763149477,0.0006911709442712243,0.0006421623261165601,0.0006666666350961018,0.0008578376030444226,0.0008088289848827968,0.0008333332938853976,0.0010245042618342282,0.0009754956436658545,0.0009999999526848632
-0.052540000000082035,0.0001928045862822787,0.000140528728449402,0.00016666665684760508,0.00035947124293080323,0.00030719538497341276,0.0003333333136977772,0.0005261378997134271,0.00047386204173073326,0.0004999999705530826,0.0006928045565400834,0.0006405286985453295,0.0006666666274160833,0.0008594712133925491,0.0008071953553886676,0.0008333332842893399,0.001026137870266101,0.0009738620122534965,0.0009999999411754068
-0.05185500000010289,0.00019443820391361008,0.00013889510660332607,0.00016666665459585812,0.00036110485825899393,0.00030556176077961464,0.0003333333091949148,0.0005277715127725132,0.00047222841525913767,0.0004999999638003674,0.0006944381673414658,0.0006388950698121763,0.0006666666184154085,0.0008611048219428687,0.0008055617244017607,0.0008333332730432281,0.0010277714765707113,0.0009722283790184543,0.000999999927687009
-0.05117000000012781,0.00019607182102728135,0.00013726148459277103,0.00016666665197431085,0.00036273847269079166,0.00030392813603048735,0.0003333333039525692,0.0005294051245622681,0.0004705947878570048,0.000499999955938721,0.0006960717765026294,0.0006372614397766449,0.0006666666079367065,0.0008627384284833032,0.0008039280917421869,0.0008333332599504623,0.0010294050804967648,0.0009705947437415418,0.0009999999119839158
-0.05048500000015742,0.00019770543756487122,0.00013562786239746454,0.00016666664893985654,0.00036437208612380336,0.00030229451065939475,0.00033333329788454413,0.0005310387349368749,0.0004689611594138468,0.0004999999468388917,0.0006977053838345603,0.0006356278082848763,0.0006666665958077216,0.0008643720327817941,0.0008022944572129312,0.000833333244795851,0.0010310386817692899,0.0009689611061827391,0.000999999893808086
-0.04980000000019244,0.00019933905346229176,0.00013399423999510494,0.00016666664544525474,0.00036600569844581803,0.00030066088459319677,0.00033333329089637806,0.0005326723437365593,0.00046732752980847993,0.0004999999363592357,0.0006993389891301626,0.0006339941751681673,0.0006666665818396861,0.0008660056345840865,0.0008006608205980062,0.0008333332273435803,0.0010326722800870194,0.0009673274660789408,0.0009999998728767558
-0.04911500000023368,0.00020097266864911554,0.00013236061736114467,0.0001666666414386731,0.00036763930953367783,0.0002990272577515485,0.0003333332828844284,0.0005343059507860059,0.0004656938989078636,0.0004999999243443444,0.0007009725921622166,0.0006323605402413522,0.0006666665658254912,0.0008676392336112356,0.0007990271816603782,0.000833333207334929,0.0010343058751194453,0.0009656938231414287,0.000999999848879702
-0.048430000000282074,0.00020260628304781525,0.0001307269944685479,0.00016666663686317162,0.0003692729192520048,0.0002973936300461143,0.00033333327373483997,0.0005359395558925696,0.0004640602665657963,0.0004999999106234978,0.0007026061926810795,0.0006307269033009836,0.0006666665475376267,0.0008692728295567947,0.0007973935401396341,0.0008333331844856971,0.0010359394665034965,0.000964060177053028,0.0009999998214761596
-0.04774500000033869,0.00020423989657290304,0.00012909337128751957,0.00016666663165612044,0.00037090652745176017,0.00029576000137968397,0.0003333332633223818,0.0005375731588442568,0.000462426632621448,0.0004999998950089203,0.0007042397904120874,0.0006290932641232845,0.0006666665267258582,0.0008709064220836411,0.0007957598957493561,0.0008333331584833048,0.0010375730538397909,0.0009624265274649043,0.000999999790291345
-0.04706000000040473,0.0002058735091299549,0.00012745974778520094,0.0001666666257485427,0.0003725401339686146,0.0002941263716451782,0.00033333325150913264,0.0005392067594074403,0.00046079299689770687,0.0004999998772938108,0.0007058733850526172,0.0006274596224618387,0.0006666665031146026,0.0008725400108203871,0.000794126248174158,0.0008333331289835162,0.0010392066366883988,0.0009607928739929492,0.000999999754912531
-0.04637500000048158,0.0002075071206145024,0.00012582612392532809,0.00016666661906437078,0.0003741737386210981,0.00029249274072452766,0.00033333323814299393,0.0005408403573242687,0.00045915935919931233,0.0004999998572501145,0.0007075069762687571,0.0006258259780449826,0.0006666664763999587,0.0008741735953573143,0.0007924925970663369,0.0008333330956067319,0.0010408402145640437,0.0009591592162136972,0.0009999997148846048
-0.04569000000057083,0.00020914073091077203,0.00012419249966784783,0.00016666661151960296,0.0003758073412084995,0.00029085910848740713,0.00033333322305600493,0.0005424739523097263,0.0004575257193107445,0.0004999998346259956,0.0007091405636915295,0.0006241923305728535,0.0006666664462463428,0.0008758071752417623,0.0007908589420420858,0.0008333330579337886,0.0010424737869306597,0.0009575255536597016,0.0009999996697050342
-0.04500500000067428,0.0002107743398902481,0.00012255887496848508,0.00016666660302134653,0.0003774409415084748,0.0002892254747898034,0.00033333320606242824,0.0005441075440482886,0.0004558920769938334,0.0004999998091429689,0.0007107741469125949,0.0006225586797140442,0.000666666412282667,0.0008774407499728844,0.0007892252826771953,0.000833333015501189,0.001044107353195206,0.0009558918858142909,0.0009999996188181529
-0.04432000000079402,0.00021240794741003244,0.00012092524977825491,0.00016666659346672899,0.00037907453927432113,0.0002875918394723937,0.00033333318695657436,0.0005457411321901116,0.0004542584319850471,0.0004999997804926388,0.0007124077254793617,0.0006209250251018072,0.0006666663740979954,0.0008790743189956822,0.000787591618502177,0.0008333329677956781,0.0010457409127006287,0.0009542582121056147,0.0009999995616086638
-0.04363500000093244,0.00021404155331096786,0.00011929162404291151,0.00016666658274165766,0.0003807081342318632,0.0002859582023587042,0.00033333316551032165,0.0005473747163466841,0.0004526247839924086,0.000499999748332982,0.0007140412988894054,0.0006192913663297336,0.0006666663312365935,0.0008807078816941978,0.0007859579489967123,0.0008333329142480642,0.0010473744647178343,0.0009526245318998661,0.0009999994973942342
-0.042950000001092274,0.00021567515741548733,0.00011765799770232446,0.0001666665707194036,0.0003823417260758899,0.00028432456325301636,0.00033333314147028536,0.0005490082960858535,0.00045099113269198504,0.000499999712284104,0.0007156748665840911,0.0006176577029468327,0.0006666662831922767,0.000882341437383736,0.0007843242735833232,0.0008333328542261644,0.0010490080084365175,0.0009509908444935532,0.0009999994254170478
-0.04226500000127667,0.00021730875952514486,0.00011602437068977218,0.00016666655725898206,0.0003839753144660697,0.0002826909219379824,0.00033333311455458034,0.0005506418709261294,0.0004493574777238825,0.0004999996719233878,0.000717308427941268,0.000616024034451912,0.0006666662294019485,0.0008839749853019606,0.0007826905916201478,0.0008333327870267391,0.0010506415429546675,0.0009493571491046741,0.0009999993448341414
-0.04158000000148929,0.0002189423594177743,0.0001143907429311397,0.00016666654220329636,0.00038560889902225753,0.0002810572781719028,0.0003333330844491104,0.0005522754403301434,0.0004477238186876673,0.0004999996267799322,0.0007189419822668891,0.0006143903602871506,0.0006666661692381941,0.0008856085245986789,0.0007810569023926698,0.0008333327118662481,0.0010522750672665297,0.000947723444862613,0.0009999992547063336
-0.0408950000017343,0.00022057595684421368,0.0001127571143440063,0.0001666665253770063,0.00038724247931909276,0.00027942363168561267,0.00033333305080330774,0.0005539090036971246,0.00044609015513712066,0.0004999995763281664,0.000720575528785373,0.0006127566798307306,0.0006666661020007769,0.0008872420543241008,0.0007794232051042361,0.0008333326278702375,0.0010539085802487717,0.000946089730796554,0.0009999991539855135
-0.04021000000201658,0.00022220955152452092,0.00011112348483660622,0.00016666650658407525,0.0003888760548797679,0.0002777899821789132,0.00033333301322522924,0.0005555425603542281,0.00044445648657421796,0.0004999995199805017,0.0007222090666284994,0.000611122992388373,0.0006666660269068524,0.000888875573415314,0.0007777894988651606,0.000833332534061127,0.0010555420806445531,0.0009444560058221632,0.0009999990415000136
-0.03952500000234173,0.00022384314314359286,0.00010948985430664257,0.0001666664856049417,0.00039050962516882576,0.00027615632931647427,0.00033333297127590333,0.0005571761095465177,0.0004428228124422038,0.0004999994570788585,0.000723842594822589,0.0006094892971835988,0.0006666659430796865,0.0008905090806806741,0.0007761557826801791,0.000833332429344131,0.001057175567045145,0.0009428222687262537,0.0009999989159377497
-0.038840000002716264,0.00022547673134608128,0.00010785622263993078,0.00016666646219324995,0.0003921431895838141,0.0002745226727231171,0.00033333292446279444,0.0005588096504253684,0.000441189132117608,0.0004999993868848732,0.0007254761122736669,0.0006078555933464882,0.0006666658495356146,0.000892142574781745,0.0007745220554339697,0.0008333323124909859,0.001058809037868665,0.0009411885181490827,0.0009999987758267347
-0.03815500000314775,0.00022711031573048018,0.00010622258970884434,0.0001666664360720625,0.0003937767474455948,0.00027288901197837306,0.0003333328722322328,0.0005604431820350075,0.0004395554449010199,0.0004999993085685538,0.0007271096177502516,0.000606221879900687,0.000666665745168937,0.0008937760542123579,0.000772888315874405,0.0008333321821211025,0.0010604424913354313,0.0009395547525638698,0.0009999986195125105
-0.037470000003645004,0.00022874389584223256,0.00010458895537053017,0.00016666640692946226,0.00039541029798706375,0.0002712553466101915,0.00033333281396062393,0.0005620767032968624,0.0004379217500064028,0.0004999992211951077,0.0007287431098633486,0.0006045881557483451,0.0006666656287343806,0.0008954095172742722,0.000771254562593133,0.0008333320366796833,0.0010620759254393226,0.0009379209702530458,0.0009999984451319484
-0.036785000004218284,0.00023037747116567682,0.00010295531946485541,0.00016666637441343387,0.00039704384033999196,0.0002696216760876482,0.00033333274894421794,0.0005637102129913118,0.0004362880465486906,0.0004999991237096116,0.0007303765870431341,0.0006029544196526192,0.0006666654988266899,0.0008970429620488244,0.0007696207940030128,0.0008333318744122599,0.001063709337914425,0.0009362871692806475,0.0009999982505827635
-0.0361000000048796,0.00023201104111461072,0.00010132168181203977,0.0001666663381258907,0.0003986773735196327,0.00026798799981247263,0.0003333326763871712,0.0005653437097363551,0.0004346543335293498,0.0004999990149191237,0.0007320100475117165,0.0006013206702172956,0.0006666653538568124,0.0008986763863638131,0.0007679870083118214,0.0008333316933349832,0.0010653427261960856,0.0009346533474601461,0.0009999980334879492
-0.035415000005642995,0.00023364460502120864,0.00009968804220991908,0.00016666629761568618,0.00040031089640666897,0.0002663543171091778,0.0003333325953875787,0.0005669771919626156,0.0004330206098195321,0.0004999988934717561,0.0007336434892512257,0.0005996869058629915,0.000666665192024039,0.0009003097877547202,0.0007663532034915397,0.0008333314911998694,0.0010669760873753171,0.0009330195023168582,0.000999997791154177
-0.03473000000652497,0.00023527816212296922,0.00009805440043077532,0.00016666625237041593,0.00040194440772598703,0.0002647206272135324,0.00033333250492108935,0.0005686106578839677,0.00043138687414036276,0.0004999987578321262,0.0007352769099663371,0.0005980531247992919,0.0006666650112833268,0.0009019431634191835,0.0007647193772423783,0.0008333312654540406,0.0010686094181452802,0.0009313856310439127,0.0009999975205230095
-0.03404500000754493,0.0002369117115473049,0.00009642075621765588,0.00016666620180677576,0.00040357790602165285,0.00026308692925906205,0.00033333240382163687,0.0005702441054629369,0.00042975312503981797,0.0004999986062524885,0.0007369103070401441,0.0005964193249920436,0.0006666648093068728,0.0009035765101634029,0.0007630855269505348,0.0008333310131917955,0.001070242714738306,0.0009297517304505336,0.000999997218113541
-0.033360000008725736,0.00023854525229329116,0.00009478710928008863,0.00016666614525918757,0.00040521138962732204,0.00026145322226119543,0.0003333322907587078,0.0005718775323698144,0.00042811936086551973,0.000499998436738679,0.0007385436774820377,0.0005947855041248446,0.0006666645834387874,0.0009052098243388666,0.0007614516496384392,0.0008333307310980807,0.0010718759728515577,0.0009281177969011154,0.0009999968799547481
-0.03267500001009444,0.000240178783209988,0.00009315345928908065,0.00016666608196634102,0.0004068448566311467,0.00025981950509858953,0.0003333321642104466,0.0005735109359342032,0.00042648557973263244,0.0004999982470098257,0.0007401770178659683,0.000593151659553568,0.0006666643306414727,0.0009068431017674215,0.0007598177419059771,0.0008333304153816203,0.0010735091875590293,0.0009264838262432396,0.0009999965015054777
-0.03199000001168308,0.00024181230297061382,0.00009151980587126504,0.00016666601105522246,0.0004084783048340317,0.00025818577649106694,0.0003333320224317392,0.000575144313087424,0.00042485177948586557,0.0004999980344505389,0.0007418103242570925,0.0005915177882524986,0.0006666640474319969,0.0009084763376522806,0.0007581837998608489,0.0008333300616955775,0.0010751423532070574,0.0009248498137223708,0.000999996077559524
-0.03130500001352974,0.00024344581004168673,0.00008988614860203318,0.00016666593152210503,0.00041011173169983283,0.000256552034973474,0.0003333318634162251,0.000576777660293853,0.00042321795765436893,0.0004999977960540097,0.000743443592124366,0.000589883886750348,0.0006666637298063748,0.0009101095264720168,0.0007565498190358148,0.0008333296650431458,0.0010767754632898903,0.0009232157538804705,0.0009999956021326877
-0.03062000001567981,0.00024507930264602547,0.000088252486997452,0.000166665842209844,0.0004117451342957359,0.0002549182788646,0.0003333316848509282,0.0005784109734687824,0.00042158411139800575,0.0004999975283540545,0.0007450768162360285,0.0005882499510539824,0.0006666633731491461,0.0009117426618538532,0.0007549157942900129,0.0008333292196648175,0.0010784085103010064,0.000921581640435081,0.0009999950683279334
-0.029935000018187528,0.00024671277871823557,0.00008661882050472222,0.00016666574178066514,0.000413378509220636,0.0002532845062300976,0.00033333148406188294,0.0005800442478798217,0.0004199502374431359,0.0004999972273436792,0.0007467099905342036,0.000586615976557194,0.0006666629721250245,0.0009133757364216889,0.0007532817196908861,0.0008333287189033162,0.0010800414855548395,0.0009199474661346226,0.0009999944681738494
-0.029250000021117925,0.00024834623585097193,0.00008498514849088041,0.0001666656286834409,0.0004150118525188066,0.00025165071483809775,0.00033333125794874843,0.0005816774780281354,0.00041831633200559994,0.0004999968883771543,0.0007483431079839283,0.0005849819579312078,0.0006666625205486201,0.0009150087416132035,0.0007516475883724224,0.000833328155041211,0.0010816743789723014,0.0009183132225846382,0.0009999937924304615
-0.02856500002454924,0.00024997967122986347,0.00008335147022938334,0.00016666550111421195,0.00041664515957551154,0.00025001690210591063,0.0003333310029059295,0.0005833106575049449,0.0004166823906980604,0.0004999965060518912,0.0007499761603908262,0.0005833478889928549,0.0006666620112273022,0.0009166416674590565,0.0007500133923644225,0.0008333275191050765,0.0010833071788219387,0.0009166789000384913,0.000999993030355073
-0.027880000028575866,0.0002516130815542997,0.00008171778488410826,0.00016666535696831795,0.0004182784249901327,0.00024838306503570417,0.0003333307147269362,0.0005849437788172551,0.0004150484084179607,0.0004999960740652262,0.0007516091381797856,0.0005817137625450513,0.0006666614357707021,0.0009182745023149688,0.0007483791223858274,0.0008333268006281031,0.0010849398714059622,0.00091504448714397,0.0009999921694184683
-0.027195000033312128,0.0002532464629408506,0.0000800840914902373,0.00016666519378225042,0.0004199116424217097,0.00024674920013673584,0.00033333038848821394,0.0005865768331758409,0.0004134143792117994,0.0004999955850404754,0.0007532420301258415,0.0005800795701834154,0.0006666607843593638,0.0009199072325360693,0.0007467447675940975,0.0008333259873618356,0.001086572440678748,0.0009134099706359625,0.000999991194960355
-0.026510000038896985,0.00025487981080476535,0.00007845038893129782,0.00016666500866258213,0.00042154480439971187,0.0002451153033307555,0.0003333300184071603,0.0005882098102357078,0.00041178029610970543,0.0004999950303143556,0.0007548748230248989,0.0005784453020603947,0.00066666004546204,0.0009215398420786068,0.0007451103152794187,0.0008333250649239745,0.001088204867780415,0.0009117753349614276,0.0009999900897684467
-0.025825000045499976,0.00025651311971418636,0.00007681667591151586,0.00016666479819886095,0.00042317790209158676,0.00024348136983661742,0.00033332959766811475,0.00058984269777751,0.0004101461509232529,0.0004999943996764726,0.0007565075012897522,0.0005768109465967667,0.0006666592054892843,0.0009231723120115009,0.0007434757504905633,0.0008333240163668718,0.0010898371304650326,0.000910140561820485,0.0009999888335628644
-0.025140000053328754,0.0002581463832099175,0.00007518295092238302,0.0001666645583563292,0.0004248109250158189,0.00024184739402885284,0.000333329118208057,0.000591475481314587,0.0004085119339971494,0.0004999936810485177,0.0007581400464520422,0.0005751764901270575,0.0006666582483669202,0.0009248046199144151,0.000741841055574905,0.0008333228216463022,0.001091469202396251,0.0009085056296021429,0.0009999874023614887
-0.024455000062638746,0.000259779593581599,0.0000735492122020635,0.000166664284343196,0.0004264438606861189,0.00024021336926354655,0.0003333285704514869,0.0005931081436060566,0.0004068776339028959,0.0004999928600874239,0.0007597724365454742,0.0005735419164617766,0.0006666571550084755,0.0009264367391326442,0.0007402062096103389,0.0008333214569645064,0.001093101052275726,0.0009068705126873435,0.0009999857676952647
-0.023770000073745464,0.0002614127415884853,0.0000719154576859102,0.00016666397044568133,0.0004280766941682149,0.00023857928766299316,0.0003333279429809479,0.0005947406640507791,0.0004052432370591472,0.0004999919196922378,0.000761404645338539,0.0005719072063445014,0.0006666559026597016,0.0009280686378506012,0.0007385711877005341,0.0008333198939540824,0.0010947326427597926,0.0009052351805842455,0.000999983895633611
-0.023085000087040414,0.00026304581610939523,0.00007028168494587903,0.00016666360982199208,0.00042970940752505284,0.00023694513984806853,0.0003333272221255472,0.0005963730179293222,0.0004036087272589171,0.0004999908393883178,0.0007630366413753174,0.0005702723367752421,0.0006666544640801447,0.0009297002779340817,0.0007369359600963317,0.0008333180986591802,0.0010963639291063526,0.0009035995968500858,0.0009999817455680342
-0.022400000103011693,0.00026467880370162496,0.00006864789111601661,0.00016666319424369033,0.00043134197911876134,0.00023531091460393555,0.0003333263914444374,0.0005980051754509715,0.00040197408507777196,0.0004999895945544171,0.0007646683867702586,0.000568637280162854,0.0006666528065160552,0.0009313316134762591,0.0007353004910948344,0.0008333160302571905,0.0010979948574762373,0.0009019637177401226,0.000999979268686267
-0.021715000122270796,0.0002663116880422283,0.00006701407280039786,0.00016666271376931282,0.0004329743827277884,0.00023367659846030217,0.0003333254310750402,0.0005996371005493624,0.0004003392871291773,0.0004999881554474752,0.0007662998356859119,0.0005670020032577495,0.0006666508904046841,0.0009329625889620643,0.0007336647376527161,0.0008333136394464408,0.0010996253627897211,0.0009003274905057343,0.0009999764060482032
-0.021030000145587768,0.0002679444492165679,0.00006538022595884697,0.00016666215633032194,0.00043460658642439405,0.0002320421751616254,0.0003333243169062539,0.000601268749352424,0.00039870430512259006,0.0004999864859656902,0.0007679309324001096,0.0005653664658008857,0.0006666486677311148,0.0009345931369386589,0.0007320286476303905,0.0008333108664019588,0.0011012553660075652,0.0008986908512393146,0.0009999730861470144
-0.020345000173937484,0.0002695770628069368,0.00006374634576434117,0.00016666150720268387,0.00043623855113887285,0.00023040762499443405,0.00033332301952335614,0.000602900068226906,0.00039706910466493075,0.0004999845420702284,0.0007695616088372084,0.0005637306188033911,0.0006666460799319877,0.0009362231750414786,0.0007303921575554983,0.0008333076381681156,0.0011028847706615942,0.0008970537221290219,0.0009999692217992858
-0.01966000020856104,0.000271209498718543,0.00006211242642420463,0.00016666074832870486,0.00043787022881281915,0.00022877292392848352,0.00033332150285402185,0.0006045309912652581,0.0003954336437270043,0.0004999822697601067,0.0007711917813972131,0.0005620944023436126,0.0006666430552062413,0.0009378526021764806,0.0007287551897582361,0.0008333038653145033,0.0011045134584031526,0.0008954160079423099,0.000999964706157545
-0.018975000251047713,0.0002728417196576179,0.000060478460954668606,0.00016665985744119825,0.00043950156000881847,0.00022713804251336657,0.0003333197224198327,0.0006061614370354995,0.0003937978706688837,0.0004999796024573774,0.0007728213468575117,0.0005604577427284959,0.0006666395050434347,0.0009394812935884803,0.0007271176486790638,0.0008332994376199407,0.0011061412832557463,0.0008937775914933587,0.0009999594075655216
-0.018290000303444923,0.00027447367914630675,0.000058844440895104145,0.00016665880692533545,0.0004411324707973563,0.00022550294445221005,0.0003333176230643007,0.0006077913043518733,0.0003921617216816776,0.0004999764576099476,0.0007744501770432196,0.0005588205488132261,0.000666635319714244,0.0009411090944512593,0.000725479416080246,0.0008332942184677206,0.0011077680641490286,0.0008921383277647171,0.0009999531628793255
-0.017605000368407137,0.0002761053189161762,0.00005721035594371409,0.0001666575623298122,0.00044276286867552477,0.00022386758474585085,0.0003333151359811252,0.0006094204667348664,0.0003905251174513274,0.0004999727322487454,0.000776078111850395,0.0005571827071980298,0.000666630362374187,0.0009427358114815188,0.0007238403447948407,0.0008332880375192831,0.0011093935751565437,0.000890498036233365,0.0009999457687400808
-0.016920000449398388,0.000277736565462846,0.00005557619349043009,0.00016665608040620537,0.00044439263718050443,0.0002222319072620852,0.00033331217480107997,0.0006110487651058276,0.0003888879587787788,0.0004999682971384378,0.0007777049500520311,0.0005555440759176654,0.0006666244613025172,0.0009443612018942682,0.0007222002505119021,0.0008332806810735411,0.0011110175326461207,0.0008888564907858908,0.0009999369700936728
-0.01623500055097026,0.00027936732545928277,0.00005394193801440592,0.00016665430650862967,0.000446021628729781,0.0002205958415294749,0.00033330863040267807,0.0006126759980851383,0.000387250120789365,0.0004999629890217476,0.0007793304370962406,0.0005539044760918449,0.0006666173996139941,0.0009459849587538827,0.0007205589009045051,0.0008332718792908814,0.001112639578247168,0.0008872134063715979,0.0009999264449824857
-0.015550000679145535,0.0002809974796071058,0.000052307570302291705,0.00016665217112095797,0.00044764965503804366,0.00021895929847914913,0.00033330436398247755,0.0006143019090181777,0.00038561144522387714,0.0004999566002644789,0.0007809542488001605,0.0005522636808010235,0.0006666089015258598,0.0009476066914098794,0.0007189160011412238,0.0008332612891446425,0.0011142592561168918,0.0008855684212158759,0.0009999137842588918
-0.014865000841952164,0.00028262687433190724,0.00005067306642770928,0.00016664958518408903,0.00044927647419413136,0.0002173221647475174,0.0003332991977319293,0.0006159261684951994,0.00038397173009926516,0.0004999488649264424,0.0007825759693956987,0.0005506214001547718,0.0006665986138892531,0.0009492258991726233,0.000717271174433675,0.0008332484715009602,0.0011158759823705858,0.0008839210729398298,0.0009998984643224801
-0.014180001050171205,0.00028425531048400897,0.00004903839641101112,0.00016664643376246462,0.00045090177310575007,0.0002156842949982171,0.00033329290220197253,0.000617548350626949,0.0003823307157401381,0.0004999394398870579,0.000784195061753568,0.0005489772611028437,0.0006665860811697452,0.0009508419356331637,0.0007156239357280314,0.0008332328600785811,0.00111748900367364,0.000882270766263379,0.000999879810213176
-0.013495001318392305,0.00028588252784773004,0.0000474035224486064,0.00016664256739448656,0.0004525251434700836,0.00021404550149731115,0.0003332851790487425,0.0006191679006005701,0.00038068806576496136,0.0004999278790758284,0.0007858108266918898,0.0005473307799315615,0.0006665707112961053,0.0009524539599343659,0.0007139736558546562,0.0008332137190926933,0.001119097340726184,0.0008806167289942246,0.000999856945269065
-0.01281000166651296,0.0002875081837459967,0.000045768396560338555,0.00016663779019226654,0.00045414604863770844,0.00021240553985579135,0.0003332756372971325,0.0006207840899802939,0.00037904334101391266,0.0004999135980274483,0.0007874223469531372,0.000545681324518099,0.0006665517286975836,0.0009540608697241382,0.0007123195123125502,0.0008331900850267373,0.0011206997105513393,0.000878957951607618,0.0009998287219452706
-0.012125002121881506,0.00028913182327050486,0.00004413295744689835,0.00016663184334856672,0.0004557637775798842,0.00021076408938943547,0.0003332637604463826,0.0006223959546666835,0.000377395963536918,0.0004998958247689052,0.0007890284094989645,0.0005440280621478952,0.0006665281092454487,0.0009556612082162025,0.0007106604212070855,0.0008331606859897159,0.0011222944188364157,0.0008772931036833774,0.0009997936260346119
-0.011440002722376944,0.0002907528375650417,0.00004249712627221608,0.00016662438211752768,0.00045737738048497927,0.00020912072587782617,0.0003332488605628945,0.000624002208172402,0.0003757451665051174,0.000499873531286344,0.0007906273969588848,0.0005423698868656598,0.0006664984894849602,0.0009572530344297228,0.0007089949424563558,0.0008331238292311729,0.0011238792097023923,0.0008756204175096945,0.000999749643107312
-0.010755003520853922,0.00029237040498725523,0.000040860800981991595,0.00016661494348075832,0.0004589855780652243,0.00020747488354554153,0.0003332300138000781,0.0006256011195991345,0.0003740899241005738,0.000499845337273015,0.0007922171349848859,0.0005407053176821785,0.0006664610391704643,0.000958833740807676,0.0007073211469078837,0.0008330772432042077,0.0011254510546458533,0.000873937524883647,0.000999694071020458
-0.010070004591573666,0.0002939834076430069,0.00003922384863195685,0.00016660290047346756,0.00046058663310264667,0.00020582580171390753,0.00033320596931679663,0.0006271903409432644,0.0003724288528336371,0.0004998093741712167,0.0007937946763246949,0.0005390323551345183,0.0006664132812246392,0.0009603997953206054,0.0007056364289810361,0.0008330178544948626,0.0011270058541852563,0.0008722412269335443,0.0009996232551245576
-0.009385006039506335,0.00029559031247042484,0.00003758609502590047,0.0001665873973972139,0.0004621781677137454,0.00020417244964945238,0.0003331750200749792,0.0006287666615925836,0.00037076007207205273,0.0004997630922978452,0.0007953559939674976,0.0005373482782994689,0.0006663518363036881,0.0009619463750391256,0.000703937241336747,0.0008329414713037064,0.001128538013992626,0.0008705271679814105,0.0009995322124983727
-0.008700008013733069,0.0002971890013889568,0.000035947310757348836,0.00016656725770983379,0.0004637569027218393,0.0002025134204915344,0.0003331348191262316,0.0006303256583635058,0.00036908100648538726,0.0004997029865407522,0.0007968955437911619,0.0005356493568445842,0.0006662720594218458,0.0009634668438373474,0.0007022187181305009,0.0008328423330205759,0.0011300398405967324,0.0008687893720970703,0.0009994140969970873
-0.0080150107265662,0.0002987765287845789,0.00003430719253977833,0.00016654085315816227,0.00046531828603307173,0.00020084678170417494,0.00033308211853595477,0.0006318611966594392,0.00036738810642796026,0.0004996242063935075,0.0007984056410619622,0.0005339304427522067,0.0006661675230802102,0.0009649520074658551,0.0007004741401531062,0.0008327124691000677,0.0011315006789400165,0.0008670195844023939,0.0009992594372020777
-0.007330014480325873,0.0003003487767924828,0.0000326653385745388,0.00016650591875855804,0.00046685596503619333,0.00019916986539361727,0.00033301240012878486,0.000633364722274721,0.00036567645416026674,0.0004995200040422518,0.0007998755747534011,0.0005321843941145242,0.0006660292850787295,0.0009663890543461706,0.0006986941786807251,0.0008325407898114562,0.001132905684490566,0.0008652063382924563,0.0009990550541782613
-0.006645019703637022,0.0003018999704544073,0.00003102121681813182,0.00016645929413122286,0.00046836104527494453,0.00019747897783263171,0.0003329193589277645,0.0006348242659014291,0.00036393921556380734,0.0004993809614710008,0.0008012903610834837,0.0005304012706648705,0.0006658448616795586,0.0009677600622834571,0.0006968658372890454,0.0008323118087411622,0.0011342340883116675,0.0008633336469013052,0.0009987825375613597
-0.005960026997914654,0.0003034220091273436,0.00002937412572412185,0.00016639656928866783,0.0004698210688837452,0.00019576900581600983,0.0003327941950992468,0.0006362230698862946,0.0003621668925738342,0.0004991939293425341,0.0008026290204888419,0.0005285672330351542,0.0006655968147016178,0.0009690399283166722,0.0006949709991999462,0.0008320038800050041,0.0011354567834078848,0.0008613792004545732,0.0009984161355859743
-0.005275037190998777,0.0003049035752285039,0.000027723148961382534,0.00016631161647303686,0.00047121865321069064,0.00019403290285422664,0.0003326246767313145,0.0006375377545951745,0.00036034633986514855,0.0004989406190057247,0.0008038622691371378,0.0005266630879640225,0.0006652608703890707,0.0009701935826350461,0.0006929844984181072,0.0008315868411945343,0.0011365330585355875,0.0008593119603685284,0.000997919919229858
-0.004590051386416308,0.0003063290124347655,0.000026067109693931337,0.00016619600749671326,0.0004725297768570376,0.0001922610601077787,0.0003323939707374533,0.0006387360021001544,0.00035845954821103087,0.0004985958395280016,0.0008049495869703728,0.0005246624759552412,0.0006648035517251918,0.0009711724250712286,0.0006908717001921171,0.0008310190270822005,0.0011374063852459186,0.0008570891180332017,0.000997244160880072
-0.003905070981026228,0.00030767704924397735,0.00002440453725869137,0.00016603836194362172,0.0004737218275239996,0.00019044062008721397,0.0003320793301147015,0.0006397739027313656,0.0003564822950315149,0.0004981255058436288,0.0008058358289605914,0.0005225298391210565,0.0006641794805335604,0.0009719101591809397,0.0006885857578610735,0.0008302438303637331,0.0011379994257606958,0.0008546526040439115,0.0009963211105921675
-0.0032200976009803756,0.00030891961351717044,0.000022733669688536465,0.00016582376192844845,0.00047475178521227555,0.0001885548921447694,0.00033165090628522895,0.0006405934576184772,0.0003543829539966278,0.0004974848143060501,0.0008064479805022877,0.0005202185882745167,0.0006633288646538934,0.000972318716896562,0.000686065083567014,0.0008291864316604334,0.001138209026402241,0.0008519257914193514,0.0009950608829909465
-0.002535132885747397,0.00031002125366913453,0.000021052526680158407,0.00016553350892944377,0.0004755653301165788,0.00018658317998469619,0.0003310712372902009,0.0006411212981127791,0.00035212204972606703,0.000496617410863505,0.0008066933853996262,0.000517670330615343,0.0006621762679547114,0.000972285862794172,0.0006832321677825424,0.0008277520652083757,0.00113790303471444,0.0008488117975712422,0.0009933490828651418
-0.0018501780608008397,0.0003109399855654911,0.00001935909045924606,0.00016514564848382535,0.0004760981381187861,0.00018450148498152933,0.00033029627056012904,0.0006412703479919646,0.0003496534563470914,0.000495456857554763,0.0008064616600341252,0.000514816507057887,0.0006606324362412691,0.0009716772081764773,0.0006799955686156682,0.0008258280865089163,0.0011369222184423509,0.0008451957049248437,0.0009910489589402443
-0.001165233325139828,0.00031163048934560166,0.00001765161128605244,0.0001646367257261255,0.00047628080254871795,0.00018228456590690454,0.00032927886516250133,0.0006409464370176475,0.00034692820594300883,0.0004939318623220338,0.0008056329479683135,0.0005115839312269855,0.0006586012221214033,0.0009703460318076619,0.0006762571494310103,0.0008232925415801991,0.0011350915444767163,0.000840953446523684,0.0009880115419193369
-0.0004802972550547479,0.0003120500995681191,0.000015928998002800664,0.00016398496252591972,0.0004760480886210814,0.0001799095064829984,0.0003279751802908541,0.0006400609139819407,0.0003439012771269952,0.0004919759467750272,0.0008040940165811109,0.000507904873179036,0.0006559926325679212,0.0009681530127321596,0.0006719255644773571,0.0008200307255075049,0.0011322437233873878,0.0008359688309991227,0.0009840958727705537
0.00020463340601373982,0.00031216672864040556,0.000014191176421889998,0.00016317436171607762,0.0004753511953129857,0.00017736017692871478,0.0003263529692795103,0.0006385475011009095,0.00034054026162935963,0.0004895401032013445,0.0008017600552612502,0.0005037301146050466,0.0006527401139996053,0.0009649934290602201,0.0006669339789037121,0.0008159574589264287,0.0011282523816673977,0.000830156302935239,0.0009791967408339076
0.0008895632537725051,0.00031196621843103736,0.000012439256092300387,0.0001621984169040151,0.0004741691072969367,0.00017463110273554703,0.00032439910148429596,0.000636377960063112,0.0003368330573531499,0.00048660433713200457,0.0007985950958721201,0.0004990406834617966,0.0006488164389263065,0.0009608229178107561,0.0006612561780731585,0.0008110377701316413,0.0011230639151851973,0.0008234818894923863,0.0009732707595008296
0.0015744970931487697,0.00031145595462732313,0.000010675404783533474,0.00016106181898623784,0.0004725140757791719,0.0001717290216690716,0.0003221230280552831,0.0006335696073788604,0.0003327911846352964,0.00048318300043172625,0.0007946217992616506,0.0004938530379113619,0.0006442410750578763,0.0009556698498472912,0.0006549137885523513,0.0008052965380090932,0.00111671286702049,0.0008159726974071681,0.0009663486020936856
0.0022594387012228336,0.00031066296185245073,8.902487015881588e-6,0.00015977930764222192,0.0004704284739532134,0.000168671317091545,0.00031955444848466726,0.0006301808234531009,0.0003284470221967425,0.00047932119844402385,0.0007899154658230193,0.00048821502203437477,0.0006390752173213897,0.000949627637421875,0.0006479708287551112,0.0007988119868031702,0.0011093122655503203,0.0008077098863124707,0.0009585267435314298
0.0029443900968572244,0.0003096274330419884,7.123690049668757e-6,0.00015837222269651658,0.00046797460776585323,0.00016548205937578516,0.0003167363162916866,0.0006262968490826723,0.0003238462875055172,0.00047508405199727787,0.0007845854016152272,0.00048219457657126884,0.0006334069991511664,0.0009428311157752776,0.0006405183315608789,0.0007916964179227444,0.0011010243053886808,0.0007988087616866925,0.0009499431440813112
0.0036293515475114223,0.0003083946453649236,5.342510860767874e-6,0.0001568642994993068,0.00046522216549573533,0.00016218739326048637,0.0003137163385124788,0.0006220124907741955,0.00031903911938448506,0.0004705437158667923,0.000778752494686718,0.00047586632559345896,0.0006273337456440063,0.0009354284878059205,0.0006326561443965457,0.0007840733062350004,0.001092026025220754,0.0007893953899554477,0.0009407486787007852
0.004314322086542102,0.0003070081648831741,3.5641137948810326e-6,0.00015527818800949367,0.00046223781348829127,0.0001588118483449067,0.0003105399708730325,0.0006174179785755464,0.00031407286409645155,0.00046576876400444,0.0007725311627991905,0.0004693007518576403,0.0006209476197405061,0.0009275591466127524,0.0006244783646533153,0.000776059035135007,0.001082482748228794,0.0007795881220854362,0.0009310847464470614
0.004999300152705442,0.0003055057480327601,1.8060877379421628e-6,0.0001536333911667535,0.00045907903943322425,0.00015537625221267285,0.00030724629737140637,0.0006125907616199024,0.00030898793359333105,0.00046081801721205713,0.0007660191217673832,0.00046255800974866163,0.0006143274113969665,0.0009193414526614444,0.000616065123687479,0.0007677526710630229,0.0010725339270357334,0.000769487375836554,0.0009210710702049837
0.005684284086540058,0.00030391783118611154,4.839459484113861e-7,0.00015194554159448628,0.00045579198548320176,0.00015189709137325912,0.00030386660787163293,0.0006075927586607163,0.0003038164714998938,0.0004557384710521245,0.0007592941576925313,0.00045568594852893075,0.0006075358926015805,0.0009108691668124304,0.000607480047059233,0.0007592328530285231,0.0010622894171224773,0.0007591726435215818,0.0009108022631852934
0.006369272409446936,0.0003022677545512226,1.903510944107017e-6,0.00015022656293209297,0.0004524119047437368,0.0001483867939079379,0.0003004247457826704,0.0006024711223261815,0.00029858282470103927,0.00045056588037385,0.0007524153019417116,0.00044872082509432,0.0006006207156728133,0.0009022131685993157,0.0005987712871338652,0.0007505591094261446,0.001051831902833282,0.0007487039509830945,0.0009003496986575511
0.0070542639278067575,0.00030057282726330444,3.6643657179632963e-6,0.00014848525113294914,0.00044896485793963735,0.0001448544245265659,0.000296938287990622,0.0005972606189523929,0.0002933048381219528,0.0004453265726261367,0.0007454259634936637,0.0004416892339430363,0.0005936169122485299,0.000893425428396512,0.0005899741412380112,0.0007417751127298242,0.0010412218148245001,0.0007381252346482292,0.0008897656083128844
0.007739257734459838,0.00029884561552030183,5.4445190240269345e-6,0.00014672795817640514,0.0004454697129043147,0.00014130645668836665,0.000293419921647797,0.000591986367095311,0.00028799532014617203,0.0004400395363807507,0.0007383574430637449,0.00043461028469382807,0.0005865497213410735,0.000884543342332152,0.0005811139692052872,0.0007329122837787937,0.0010305025390648865,0.0007274680359096817,0.0008790875080380967
0.008424253165369874,0.000297095130840677,7.229412520355939e-6,0.00014495921488480115,0.00044193996763082933,0.00013774745685608383,0.00028987869376582813,0.0005866663069948473,0.0002826633535263787,0.00043471830553446286,0.0007312320640495999,0.00042749754741072205,0.000579437119683152,0.0008755935428794014,0.0005722087845655112,0.0007239929832420164,0.0010197049278795277,0.000716754753061106,0.0008683420685578875
0.009109249745437292,0.0002953277987163041,9.015995574561663e-6,0.00014318223440006316,0.00043838522582096643,0.00013418062751165325,0.00028632101923083635,0.0005813131860946749,0.0002773153427579842,0.00042937247392919073,0.0007240656718142238,0.00042036060628646195,0.0005722918459087552,0.0008665949161837387,0.0005632713173758196,0.0007150330490325375,0.0010088508398042944,0.0007060012168292407,0.0008575481702424029
0.009794247139098752,0.0002935481960991016,0.000010803262805730628,0.0001413992929435604,0.00043481231472939237,0.00013060821189513425,0.0002827514421228867,0.0005759360566112891,0.0002719557992369191,0.0004240088367999906,0.0007168695099638813,0.00041320622470062296,0.0005651229214070711,0.0008575608555312331,0.0005543105583671283,0.0007060436954629485,0.000997955768077587,0.0006952186124163064,0.0008467191789594983
0.010479245110780848,0.00029175959078261564,0.00001259080698716038,0.0001396120066544872,0.0004312260996987841,0.00012703178462955582,0.0002791731887897428,0.0005705413634126199,0.0002665879080349102,0.00041863221886465784,0.000709651579075658,0.000406039186875799,0.0005579367515651637,0.0008485008876944402,0.0005453328735662515,0.0006970328850957779,0.00098703073057581,0.0006844148644920272,0.0008358645852537829
0.011164243495328137,0.00028996432668573926,0.000014378445372461318,0.0001378215282573525,0.000427630064289349,0.00012345245586386401,0.0002755885605542668,0.0005651337171162248,0.00026121392804024014,0.00041324606181114375,0.0007024176002307464,0.00039886289273556206,0.0005507379061339004,0.0008394218236932313,0.0005363427919456413,0.0006880062994312983,0.0009760836038996985,0.0006735956150555613,0.0008249911621273422
0.011849242176731212,0.00028816409547400293,0.00001616609249293139,0.00013602868498925692,0.0004240267182842133,0.00011987101293707699,0.0002719992090479631,0.0005597164369193843,0.00025583547101197133,0.0004078528359944775,0.00069517169058334,0.0003916797733037099,0.0005435296657218449,0.0008303285644873238,0.0005273435555947048,0.00067896801810621,0.0009651200560433148,0.0006627649062805263,0.0008141037743226755
0.012534241073162426,0.00028636012686720147,0.00001795370881453927,0.00013423407474999819,0.0004204178829682371,0.00011628801813911378,0.00026840632811914243,0.0005542919296731472,0.0002504536950954655,0.00040245432731944667,0.0006879168346650802,0.0003844915791991374,0.0005363144024785538,0.0008212246625599598,0.0005183375020227172,0.0006699209918151151,0.000954144195922948,0.0006519256550660117,0.0008032059415339702
0.013219240126576399,0.00028455332177423405,0.00001974127757383571,0.00013243813303539265,0.0004168048903425275,0.00011270387610000294,0.00026481078741937594,0.0005488619543335912,0.00024506943886585424,0.0003970518369206991,0.000680655212955289,0.0003772995807876273,0.0005290938450313518,0.0008121127132182285,0.0005093263295885096,0.0006608673713922492,0.00094315902575232,0.0006410799826386355,0.0007923002302510732
0.01390423929552319,0.00028274434558797157,0.000021528793524181176,0.00013064117961407326,0.0004131887224960961,0.00010911888033435157,0.0002612132255625183,0.000543427806822899,0.0002396833143555948,0.00039164632041567923,0.0006733884314545565,0.00037010470732045205,0.0005218692632518022,0.0008029946279161334,0.0005003112821774186,0.0006518087373215623,0.0009321667569702763,0.0006302294440050703,0.0007813885270571107
0.014589238550187886,0.0002809336938149758,0.000023316257197147797,0.00012884345120600863,0.0004095701094992328,0.00010553324551991882,0.00025761411534875803,0.0005379904497834167,0.00023429577187660073,0.00038623848540889197,0.0006661176827675446,0.0003629076440527291,0.0005146415976438573,0.0007938718260079101,0.0004912932782269834,0.000642746260483409,0.0009211690318834652,0.0006193751883665216,0.0007704722300820092
0.015274237868960986,0.000279121738490597,0.000025103671889645127,0.00012704512448412746,0.000405949598535741,0.00010194713000688646,0.0002540138096776908,0.000532550604152703,0.00022890714543474745,0.00038082886013656,0.0006588438597593286,0.00035570890040295905,0.0005074115504515185,0.0007847453700389136,0.00048227300136960253,0.0006336808153693664,0.0009101670800622417,0.0006085180718945594,0.0007595523838833153
0.01595923723605822,0.00027730876121260346,0.000026891042061927394,0.00012524633236751697,0.00040232760303526903,0.00009836065161766246,0.0002504125740737464,0.000527108814208324,0.00022351768475053943,0.00037541784210268377,0.0006515676362675668,0.0003485088580948602,0.0005001796502239917,0.0007756160618226128,0.00047325096451978607,0.0006246130603360439,0.0008991618294242258,0.0005976587375282555,0.0007486297750906812
0.016644236639860435,0.00027549497681454536,0.00002867837248957063,0.00012344717564312998,0.0003987044378353392,0.00009477389881839545,0.00024681060988835453,0.0005216654940920232,0.00021812757799372545,0.0003700057327794072,0.0006442895248225163,0.00034130780539795693,0.0004929462978914646,0.0007664845111513616,0.0004642275555029337,0.0006155434948936644,0.0008881539856931393,0.000586797671832532,0.0007377050007057851
0.017329236071748452,0.0002736805504552039,0.000030465667826592797,0.00012164773131611121,0.00039508034452985296,0.00009118693868094653,0.00024320807097260967,0.0005162209613310673,0.00021273696804321388,0.0003645927625462094,0.0006370099182280395,0.0003341059616593549,0.00048571179988751636,0.0007573511852975828,0.00045520306978006665,0.0006064725009013822,0.0008771440896552203,0.0005759352458087541,0.0007267785172338967
0.018014235525280146,0.0002718656100476598,0.000032252932394926135,0.00011984805865459447,0.00039145550988005,0.00008759982260661222,0.00023960507574778708,0.0005107754611720787,0.00020734596420362626,0.0003591791087480959,0.0006297291197409163,0.0003269034950112074,0.000478476392138202,0.0007482164449432522,0.00044617773409343325,0.0005974003724120725,0.0008661325587262188,0.0005650717444058979,0.000715850676291235
0.018699234995605076,0.00027005025536713876,0.000034040170098286245,0.00011804820359856453,0.00038783007928760516,0.00008401259048055202,0.0002360017160099879,0.0005053291843787522,0.00020195465071204882,0.00035376490886994736,0.0006224473651399537,0.00031970053524860305,0.00047124025756717445,0.0007390805704548897,0.0004371517236804191,0.0005883273374566842,0.000855119717354877,0.0005542073880210856,0.0007049217506046973
0.0193842344790451,0.0002682345647751619,0.00003582738440332409,0.00011624820199962329,0.00038420416672810644,0.00008042527372108747,0.00023239806340064656,0.0004998822803465067,0.0001965630929610928,0.0003483502702197703,0.0006151648389849648,0.00031249718326521275,0.000464003538964818,0.0007299437812415457,0.0004281251748987343,0.0005792535740636846,0.0008441058194263882,0.000543342348280568,0.000693991953137554
0.02006923397279179,0.0002664186002205788,0.000037614578355796546,0.0001144480820192552,0.0003805778621289503,0.00007683789754916247,0.00022879417419679,0.0004944348668375979,0.00019117134208566347,0.0003429352770984441,0.0006078816866834111,0.00030529351801792493,0.00045676634851881293,0.0007208062501213919,0.00041909819455425727,0.0005701792221257235,0.0008330910648916557,0.0005324767597076603,0.0006830614512615843
0.02075423347468648,0.00026460241098598934,0.00003940175461353119,0.00011264786591700381,0.00037695123688876803,0.00007325048270899607,0.00022519009288300007,0.0004889870372597399,0.000185779438369065,0.0003375199961467125,0.0006005980235101829,0.00029808960170494035,0.00044952877492308624,0.0007116681140604929,0.000410070866842444,0.0005611043922532311,0.0008220756121988878,0.0005216107284116405,0.0006721303773338757
0.021439232983059383,0.0002627860365141118,0.00004118891548598783,0.00011084757139315102,0.00037332434803562416,0.00006966304680734644,0.00022158585483367398,0.0004835388661463577,0.00018038741379135836,0.0003321044803608476,0.0005933139413971392,0.00029088548364303226,0.00044229088871765526,0.000702529482255954,0.000401043258550264,0.0005520291724262287,0.0008110595876518508,0.0005107443386035892,0.0006611988366454679
0.022124232496610847,0.00026096950855461254,0.00004297606297484299,0.0001090472126037602,0.00036969724138105994,0.00006607560539672203,0.00021798148834090798,0.00047809041331086787,0.00017499529395045436,0.00032668877212898076,0.0005860295140785262,0.0002836812031909988,0.0004350527463268491,0.0006933904422613017,0.0003920154229812838,0.0005429536330257527,0.000800043092502023,0.0004998776575158931,0.0006502669134352132
0.022809232014323447,0.0002591528528056061,0.00004476319881268448,0.00010724680093311796,0.00036606995392832745,0.0000624881729016807,0.00021437701615780236,0.00047264172701663124,0.00016960309952176666,0.0003212729055421234,0.0005787448010161106,0.00027647679196913296,0.0004278143931333418,0.0006842510646587709,0.0003829874029372028,0.0005338778306646766,0.0007890262083585624,0.0004890107391411944,0.0006393346754696704
0.02349423153539608,0.00025733609017691405,0.00004655032449844146,0.00010544634558536398,0.00036244251572306775,0.00005890076347391734,0.00021077245668058077,0.00046719284641142105,0.00016421084737667694,0.0003158569081645,0.0005714598504127057,0.00026927227555586776,0.00042057586583330633,0.0006751114066460755,0.0003739592329976936,0.0005248018111231827,0.0007780090013414672,0.00047814362709268295,0.0006284021775533179
0.02417923105919468,0.00025551923776806506,0.000048337441329031705,0.00010364585404034704,0.0003588149512840231,0.00005531339186004634,0.00020716782485947217,0.0004617438034081998,0.0001588185514474229,0.0003104408023978015,0.0005641747015395633,0.0002620676747934001,0.0004133371942515647,0.000665971514806181,0.00036493094127460645,0.0005157256116115354,0.0007669915252887264,0.00046727635680560343,0.000617469464234889
0.024864230585214676,0.0002537023096301599,0.00005012455042719193,0.00010184533240705323,0.0003551872807159471,0.000051726074378131366,0.00020356313290495834,0.00045629462414713035,0.00015342622340339595,0.0003050246065390368,0.0005568893865449545,0.000254863006799734,0.0004060984027492302,0.0006568314272593424,0.0003559025507707275,0.0005066492625251104,0.0007559738242481401,0.00045640895724266697,0.0006065365719068071
0.02554923011305262,0.0002518853173626548,0.000051911652765697776,0.00010004478569914333,0.0003515595205800844,0.000048138830129544456,0.00019995839083839892,0.0004508453301383199,0.00014803387318698227,0.000299608335605348,0.0005496039318673072,0.0002476582857587878,0.0003988595113213719,0.0006476911753443349,0.0003468740804387979,0.0004975727888131324,0.000744955934423924,0.0004455414522229891,0.0005956035304427912
0.026234229642384355,0.0002500682705834633,0.00005369874918829863,0.000098244218050985,0.00034793168457885617,0.0000445516826340146,0.00019635360692376057,0.00044539593916002233,0.0001426415094455164,0.0002941920019807687,0.0005423183593455379,0.00024045352354225348,0.0003916205364578045,0.0006385507849392046,0.00033784554601245885,0.0004884962110521718,0.0007339378857058547,0.00043467386146415197,0.000584670364482423
0.02691922917294827,0.0002482511773012304,0.0000554858404277318,0.0000964436328879394,0.00034430378409724846,0.00004096466219122347,0.0001927487880079396,0.000439946465968349,0.00013724913988747073,0.00028877561592608207,0.0005350326870960479,0.0002332487302034814,0.00038438149182173426,0.0006294102775042717,0.00032881696066275795,0.00047941954629258975,0.0007229197028767632,0.0004238062014044292,0.0005737370944441584
0.027604228704532288,0.00024643404421165123,0.00005727292712117985,0.0000946430330612947,0.00034067582863308904,0.00003737780949254483,0.00018914393979044017,0.00043449692286091126,0.00013185677158518582,0.00028335918598286654,0.000527746930208959,0.00022604391437395472,0.00037714238878761003,0.0006202696709099982,0.0003197883355207681,0.0004703428087294473,0.0007119014065708934,0.0004129384858558273,0.0005628037373283716
0.028289228236963795,0.00024461687693449026,0.00005906000982351177,0.000092842420955731,0.00033704782614069143,0.00003379118144066631,0.0001855390670381609,0.0004290473201266481,0.00012646441124255012,0.00027794271929532,0.0005204611013035436,0.00021883908358578212,0.00036990323686955764,0.0006111289800973012,0.0003107596800971669,0.0004612660102369866,0.000700883014038238,0.0004020707265264151,0.0005518703073571826
0.028974227770101727,0.00024279968020406956,0.0000608470890186167,0.00009104179857533747,0.00033341978330661104,0.00003020486103553754,0.0001819341737573212,0.0004235976664065204,0.00012107206544375597,0.000272526221867878,0.0005131752109734264,0.0002116342445384317,0.00036266404406436865,0.0006019882176067189,0.0003017310026224666,0.0004521891607965617,0.0006898645397570203,0.0003912029334414021,0.0005409368164867997
0.029659227303830322,0.0002409824580230594,0.00006263416512910307,0.00008924116761280376,0.00032979170577193066,0.000026618975179944647,0.00017832926333176145,0.00041814796898405045,0.00011567974089840409,0.00026710969877245946,0.0005058892681450577,0.00020442940332414378,0.00035542481712744586,0.0005928473940044139,0.0002927023103262595,0.0004431122688409605,0.0006788459959267369,0.00038033511528568566,0.0005300032748198181
0.030344226838054295,0.0002391652137871874,0.00006442123852460194,0.00008744052950535124,0.000326163598312231,0.0000230337290444678,0.00017472433863474355,0.00041269823402037786,0.00011028744469883258,0.0002616931543160123,0.0004986032803676233,0.000197224565623768,0.00034818556179591034,0.0005837065182266378,0.0002836736096698992,0.0004340353415328286,0.0006678273928668135,0.00036946727968555147,0.0005190696909386573
0.031029226372694934,0.00023734795038679298,0.00006620830952887942,0.00008563988548017245,0.00032253546498391627,0.00001944947835050962,0.00017111940211978323,0.0004072484667452343,0.00010489518460784898,0.00025627659217664653,0.000491317254048503,0.00019001973688295007,0.0003409462829698967,0.0005745655978594594,0.00027464490654413305,0.00042495838499094615,0.0006568087393403349,0.00035859943344345184,0.0005081360721765981
0.03171422590768695,0.00023553067028986443,0.00006799537842593485,0.00008383923659153679,0.0003189073092436701,0.000015866899445830753,0.0001675144558948278,0.0004017986716127365,0.00009950296939956095,0.00025086001551481593,0.0004840311946452935,0.00018281492247748863,0.0003337069848606394,0.0005654246393668693,0.00026561620644109695,0.00041588140447508705,0.0006457900428180404,0.00034773158273697727,0.0004972024248392529
0.03239922544297606,0.00023371337561020066,0.00006978244546523523,0.00008203858375125559,0.00031527913404635763,0.000012287456311130777,0.000163909501783162,0.0003963488524289818,0.00009411080928371364,0.000245443427064618,0.0004767451068230341,0.00017561012787623625,0.000326467671112097,0.0005562836482775397,0.00025658751460860726,0.00040680440453787654,0.0006347713096944936,0.0003368637332910718,0.00048626875438654855
0.03308422497851697,0.0002318960681635759,0.00007156951086621402,0.00008023792775384094,0.0003116509419255676,8.715015121454389e-6,0.0001603045413737105,0.00039089901245695035,0.00008871871645655722,0.00024002682920921018,0.000469458994583442,0.00016840535881012858,0.00031922834490143756,0.0005471426293383472,0.0002475588361937437,0.000397727389150291,0.0006237525454658195,0.00032599589053106175,0.00047533506558317454
0.03376922451427178,0.00023007874951418646,0.00007335657482214269,0.00007843726929741749,0.0003080227350601151,5.164129461404914e-6,0.00015669957606285367,0.000385449154503069,0.00008332670584176543,0.00023461022404351375,0.0004621728613715458,0.00016120062145686464,0.0003119890090226102,0.0005380015866410686,0.00023853017638223478,0.0003886503618060716,0.0006127337548764339,0.0003151280597230569,0.000464401362623812
0.03445422405020866,0.00022826142101319761,0.00007514363750346794,0.00007663660900123174,0.0003043945153291471,1.7696966156197605e-6,0.00015309460708944487,0.00037999928098890126,0.00007793479611862551,0.0002291936134267376,0.0004548867101639992,0.0001539959226526091,0.0003047496659563741,0.0005288605237273431,0.00022950154054012336,0.00037957332560926044,0.0006017149420406731,0.0003042602461076828,0.00045346764923818767
0.035139223586300894,0.00022644408383084213,0.00007693069906069176,0.0000748359474204383,0.0003007662843579578,2.311335279551277e-6,0.00014948963556438784,0.00037454939401072965,0.00007254301119130988,0.00022377699902675758,0.00044760054354249106,0.0001467912701451631,0.00029751031792949926,0.0005197194436759768,0.0002204729343646387,0.00037049628334825295,0.000590696110544043,0.0002933924550328801,0.0004425339287800201
0.03582422312252592,0.00022462673898323858,0.00007871775962686175,0.00007303528505871378,0.00029713804355621095,5.77057771845204e-6,0.00014588466249587626,0.0003690994953892428,0.00006715138235079485,0.00021836038235800584,0.00044031436375499366,0.00013958667290787818,0.0002902709669653435,0.0005105783491758452,0.0002114443640522052,0.0003614192375591172,0.00057967726352787,0.00028252469209167144,0.0004316002043031662
0.03650922265886462,0.0002228093873548663,0.00008050481931972749,0.00007123462237914922,0.0002935097941499246,9.327578029864249e-6,0.00014227968881119605,0.0003636495867111151,0.00006175995155575626,0.0002129437648142204,0.00043302817276705355,0.00013238214154103826,0.0002830316149276081,0.0005014372425870207,0.00020241583649323504,0.0003523421905804453,0.0005686584037603966,0.0002716569632713635,0.00042066647862767914
0.03719422219530083,0.0002209920297174616,0.00008229187824361026,0.00006943395981379592,0.0002898815372083242,0.000012901732410743804,0.00013867471537584256,0.00035819966936391674,0.0000563687765840938,0.00020752714769718496,0.0004257419723049038,0.00012517768879897462,0.0002757922635587831,0.0004922961259922526,0.00019338735950605296,0.00034326514460161723,0.000557639533696797,0.00026078927512176054,0.0004097327543980568
0.03787922173182082,0.00021917466674594943,0.00008407893649102748,0.00006763329777218024,0.00028625327366645445,0.000016481884651362033,0.00013506974301058332,0.00035274974456552276,0.00005097793944163821,0.0002021105322424085,0.00041845576389184597,0.00011797333029921408,0.00026855291451455043,0.0004831550012405188,0.00018435894212637756,0.00033418810170608254,0.0005466206555301128,0.00024992163495170955,0.0003987990341356086
0.03856422126841284,0.00021735729903191606,0.0000858659941441058,0.00006583263664906126,0.0002826250043442765,0.000020064824212465032,0.00013146477250701566,0.0003472998133889719,0.00004558756072479248,0.0001966939196425698,0.00041116954887907584,0.00011076908549871111,0.00026131356939525306,0.000474013869984058,0.00017533059497493257,0.0003251110639110503,0.0005356017712347545,0.0002390540510659669,0.0003878653202866313
0.039249220805066924,0.00021553992709503244,0.00008765305127581237,0.00006403197683167213,0.00027899672996284337,0.00002364928406644125,0.00012785980464210316,0.00034184987678355095,0.00004019782552376109,0.00019127731106945942,0.0004038833284719164,0.00010356497906906905,0.00025407422977541595,0.00046487273371003437,0.00016630233073503488,0.0003160340332048334,0.0005245828826039123,0.0002281865330583386,0.00037693161526791263
0.039934220341774525,0.00021372255139276688,0.00008944010795102961,0.0000622313187066695,0.0002753684511580411,0.00002723466376397969,0.00012425484019214125,0.0003363999355927415,0.000034809033365013726,0.00018586070769509885,0.0003965971037522475,0.00009636104288113254,0.00024683489723223445,0.00045573159376778566,0.00015727416478619833,0.0003069570115830153,0.0005135639912819983,0.00021731909218293107,0.0003659979215109939
0.040619219878528345,0.00021190517232866512,0.0000912271642274943,0.00006043066266700336,0.0002717401684922941,0.00003082064212568163,0.00012064987994658022,0.0003309499905695528,0.000029421702978567327,0.00018044411071268835,0.00038931087569778693,0.0000891573189449327,0.00023959557337391627,0.0004465904513924422,0.00014824611606183808,0.0002978800010845694,0.0005025450987930551,0.0002064517418341106,0.0003550642415065884
0.0413042194153221,0.00021008779025942574,0.0000930142201566197,0.00005863000911892214,0.0002681118824645649,0.000034407031822549564,0.00011704492472213906,0.0003255000423896728,0.00002403681776787859,0.00017502752135804234,0.0003820246451987596,0.000081953863893857,0.00023235625986877417,0.00043744930772557556,0.0001392182082341596,0.00028880300382908773,0.0004915262065659137,0.00019558449817901546,0.0003441305778505992
0.04198921895215039,0.00020827040550096216,0.00009480127578421628,0.00005682935848933849,0.00026448359351892106,0.00003799371623974797,0.00011343997537766593,0.0003200500916627951,0.000018656495613892248,0.00016961094093221032,0.00037473841307240896,0.0000747507560554016,0.00022511695847602625,0.0004283081638334297,0.00013019047138621253,0.0002797260220563584,0.00048050731595677775,0.0001847173810067891,0.00033319693329329043
0.04267421848900858,0.00020645301833360804,0.00009658833115112455,0.00005502871123380433,0.0002608553020518949,0.000041580618992743135,0.00010983503283024938,0.0003146001389424208,0.000013286281628127585,0.00016419437082605692,0.00036745218007572727,0.0000675481070393156,0.0002178776710793688,0.00041916702072320806,0.00012116294442618331,0.0002706490581696823,0.0004694884282698168,0.00017385041489052208,0.00032226331079337643
0.04335921802589266,0.00020463562900659764,0.00009837538629377115,0.00005322806784538101,0.00025722700841882527,0.000045167687959743145,0.00010623009807316124,0.00030915018473438475,7.946695519431218e-6,0.00015877781254769482,0.0003601659469167255,0.000060346081615998934,0.0002106383997245595,0.0004100258793578234,0.00011213567866300861,0.00026157211478455334,0.0004584695447762868,0.00016298363080885235,0.00031132971357909875
0.04404421756279915,0.00020281823774193113,0.00010016244124465851,0.00005142742886474503,0.00025359871293933816,0.0000487548863593689,0.00010262517219632338,0.0003037002295043154,2.8176061632190325e-6,0.00015336126775384042,0.00035287971426451695,0.000053144933744418636,0.00020339914666249725,0.0004008847406694673,0.00010310874325561023,0.000252495194784663,0.0004474506667326483,0.00015211706845793006,0.00030039614521881096
0.04472921709972505,0.00020100084473771582,0.00010194949603279682,0.000049626794891946857,0.0002499704159020969,0.00005234218749561359,0.00009902025641014984,0.000298250273684205,3.3003157799156593e-6,0.00014794473828640985,0.00034559348275844894,0.000045945076451988086,0.0001961599143996367,0.000391743605572319,0.00009408223379435554,0.0002434183013876676,0.00043643179539812067,0.00014125077962622213,0.00028946260970422107
0.04541421663666785,0.0001991834501710616,0.00010373655068408459,0.00004782616660034817,0.0002463421175689355,0.00005592957152435668,0.00009541535207383647,0.0002928003176782397,8.485841711748338e-6,0.00014252822621602107,0.00033830725301649,0.00003874722954546499,0.0001889207057580675,0.0003826024749746882,0.00008505628634110064,0.00023434143822382146,0.0004254129320520958,0.00013038483325271476,0.00027852911155031474
0.046099216173625196,0.00019736605420059451,0.00010552360522164579,0.000046025544753411956,0.00024271381817846558,0.00005951702338885009,0.00009181046072947614,0.0002873503618680223,0.000013830805420881378,0.0001371117338945437,0.0003310210256430613,0.00003155276923448207,0.0001816815239482675,0.00037346134979086604,0.00007603110146180512,0.00022526460943149445,0.00041439407801184227,0.00011951932324007142,0.0002675956559172135
0.046784215710595226,0.00019554865696864304,0.00010731065966612789,0.00004422493022522438,0.00023908551794923522,0.00006310453145916769,0.00008820558414379911,0.00028190040661729265,0.00001920252816863563,0.0001316952640195033,0.00032373480123647257,0.00002436469604100598,0.00017444237265847794,0.0003643202309529561,0.0000670069876667188,0.00021618781977487828,0.00040337523465093294,0.00010865438095095387,0.00025666224876090836
0.047469215247576205,0.00019373125860314445,0.00010909771403596569,0.000042424324025917885,0.00023545721708251107,0.0000666920866106354,0.00008460072435993318,0.00027645045227625033,0.000024583474808342032,0.00012627881971407945,0.00031644858039612677,0.000017191024095870165,0.00016720325616598333,0.00035517911942296025,0.0000579844453821119,0.00020711107479099122,0.0003923564034188859,0.000097790196028383,0.00024572889702223705
0.04815421478456665,0.00019191385921930954,0.00011088476834761565,0.00004062372733356542,0.00023182891576473483,0.00007027968158443582,0.00008099588376240484,0.00027100049918555956,0.00002996867715095701,0.00012086240462774048,0.0003091623637296416,0.000010062601208250245,0.00015996417947743372,0.00034603801620539923,0.000048964343672652003,0.00019803438097563405,0.0003813375858625416,0.00008692705281836283,0.00023479560886687412
0.04883921432156528,0.00019009645892107928,0.00011267182261576413,0.00003882314153469262,0.000228200614169707,0.00007386731053448329,0.00007739106515979113,0.0002655505476801193,0.00003535619057331066,0.00011544602306442983,0.0003018761518600379,3.288209087047914e-6,0.0001527251485080332,0.00033689692236078133,0.00003994833607890187,0.00018895774602163042,0.00037031878364979654,0.00007606539798036269,0.00022386239399405843
0.049524213858570976,0.000188279057802402,0.00011445887685351197,0.00003702256827638146,0.0002245723124605388,0.00007745496870019404,0.00007378627189113636,0.00026010059809266684,0.000040745098262824795,0.00011002968014791707,0.00029458994543314783,4.919393836863843e-6,0.00014548617031328903,0.00032775583902026174,0.000030940002213341874,0.00017988117912801668,0.0003592999985964155,0.00006520597561527635,0.00021292926403900477
0.05020921339558278,0.00018646165594835508,0.00011624593107253943,0.000035222009534147454,0.00022094401079140736,0.00008104265216615051,0.00007018150796474863,0.0002546506507572841,0.00004613491156817117,0.00010461338203788743,0.00028730374512540857,0.00001189202628758191,0.00013824725339272822,0.00031861476740188986,0.000021948792878318374,0.0001708046914067512,0.0003482812326967943,0.00005435012421893654,0.00020199623310470974
0.05089421293259981,0.00018464425343613203,0.00011803298528325272,0.00003342146770157003,0.00021731570930914776,0.00008463035768288183,0.00006657677824170924,0.00024920070601286984,0.000051525346228644054,0.00009919713621625444,0.00028001755165221384,0.000019038694191968713,0.0001310084080935412,0.00030947370882890475,0.00001301026056190984,0.00016172829642540834,0.00033726248815974365,0.00004350051764105753,0.00019106331847516705
0.05157921246962139,0.00018282685033591288,0.00011982003949491498,0.00003162094571037287,0.00021368740815470687,0.00008821808253136824,0.0000629720886820645,0.00024375076420664414,0.00005691622564209576,0.0000937809518721659,0.0002727313657770246,0.00002621745972732296,0.00012376964715516805,0.0003003326647506391,4.453746319866052e-6,0.00015265201094258926,0.0003262437674506267,0.00003266337967520388,0.00018013054158722876
0.05226421200664676,0.0001810094467116323,0.00012160709371576277,0.000029820447193847537,0.00021005910746448682,0.00009180582441930997,0.000059367446680389585,0.00023830082569775005,0.00006230743431259903,0.00008836484042811838,0.0002654451883214677,0.00003340763743303057,0.00011653098645621136,0.000291191636766709,5.7841541447391965e-6,0.00014357585592144584,0.0003152250733415389,0.000021857264833847358,0.00016919792937823762
0.052949211543675455,0.00017919204262165976,0.0001233941479531107,0.000028019976713134003,0.0002064308073715969,0.00009539358140080325,0.0000557628615311989,0.00023285089086101944,0.00006769889352850818,0.00008294881627172662,0.00025815902017668475,0.00004060316495200742,0.00010929244605754257,0.00028205062665532404,0.000014495814208553013,0.0001344998579527703,0.0003042064089716745,0.000011172555938700515,0.00015826551619122625
0.05363421108070694,0.00017737463811940226,0.00012518120221344486,0.0000262195400765868,0.00020280250800703512,0.00009898135181348375,0.000052158345087046935,0.00022740096009098176,0.00007309054779994188,0.0000775328977937526,0.00025087286231625694,0.000047801626377555766,0.0001020540516887174,0.0002729096364067683,0.000023448932289603966,0.00012542405129517252,0.00029318777792066716,2.855576499100484e-6,0.00014733334652735705
0.054319210617740775,0.00017555723325383905,0.00012696825650250598,0.00002441914480027509,0.00019917420950081843,0.00010256913422886292,0.000048553912709462405,0.00022195103380619264,0.00007848235688441862,0.00007211710889340208,0.00024358671581108156,0.00005500186972275606,0.00009481583691460888,0.0002637686682633783,0.00003244422634985511,0.00011634848086929483,0.0002821691842985388,0.000011301546642797053,0.00013640147912089782
0.055004210154776606,0.00017373982806999868,0.000128755310825365,0.000022618800788246724,0.00019554591198307685,0.0001061569274127372,0.0000449495846770727,0.00021650111245397947,0.00008387429088719835,0.00006670148121643562,0.00023630058184667937,0.00006220327614530104,0.00008757784637573595,0.00025462772476771264,0.00004145424970076939,0.00010727320677096653,0.00027115063285705935,0.000021989495774586636,0.00012546999314317492
0.055689209691814096,0.0001719224226093827,0.0001305423651864896,0.000020818521365558466,0.00019191761558512985,0.00010974473029336399,0.00004134538832984286,0.00021105119651570879,0.00008926632713680286,0.00006128605757927029,0.00022901446174351456,0.00006940548355727861,0.00008034014077922021,0.000245486808821109,0.000050471114549180964,0.00009819831128563962,0.0002601321291289389,0.00003279623786341502,0.00011453899795734796
0.05637420922885292,0.00017010501691034513,0.00013232941958980475,0.00001901832489773972,0.00018828932044055933,0.00011333254193568546,0.000037741361441329045,0.00020560128651270047,0.0000946584481281264,0.000055870897383455616,0.00022172835698105816,0.00007660826599996643,0.00007310280485316893,0.00023634592375548888,0.00005949171012195313,0.00008912391018619407,0.00024911367960353,0.000043633597515703765,0.00010360864904519865
0.05705920876589286,0.0001682876110084318,0.00013411647403874707,0.00001721823742568144,0.0001846610266862951,0.00011692036152030081,0.00003413755772604545,0.00020015138301293636,0.00010005064013050373,0.000050456085515116045,0.00021444226922652098,0.00008381147517446983,0.0000658659605426965,0.00022720507342218325,0.00006851456282318884,0.00008005017171124724,0.0002380952919509265,0.00005448330717110303,0.00009267917519850512
0.05774420830293369,0.00016647020493668494,0.00013590352853631315,0.000015418297145331893,0.0001810327344637314,0.00012050818832619629,0.000030534056244906914,0.00019470148663874444,0.00010544289222276558,0.00004504174766029062,0.00020715620036943923,0.00009101500972150517,0.00005862978997371497,0.00021806426230282417,0.00007753888464902578,0.0000709773500926323,0.00022707697531094853,0.00006533921482996456,0.00008175092750966114
0.058429207839975184,0.00016465279872591684,0.00013769058308510339,0.000013618562437756107,0.00017740444391988787,0.0001240960217164744,0.000026930978357179784,0.00018925159807567,0.00011083519560990755,0.000039628078167780504,0.00019987015256362931,0.00009821879801341708,0.00005139457780391563,0.00020892349564908522,0.0000865642160831932,0.00006190584854601264,0.00021605874067021628,0.00007619867142086597,0.00007082447368650088
0.05911420737701721,0.00016283539240495652,0.00013947763768736165,0.00001181912723054802,0.0001737761552086353,0.00012768386112649153,0.000023328520370391302,0.00018380171808280127,0.0001162275431299353,0.00003421539434360296,0.00019258412827849109,0.00010542278799864872,0.000044160795173612784,0.00019978277966054938,0.00009559027110874277,0.00005283634709754797,0.00020504060136049027,0.00008706034887343731,0.000059900795499133016
0.05979920691405962,0.00016101798600087286,0.0001412646923450105,0.000010020152896000296,0.00017014786849200568,0.00013127170605394252,0.000019727021931386624,0.00017835184750487562,0.00012161992889187464,0.000028804251902443563,0.00018529813036225598,0.00011262694094241035,0.000036929282223759314,0.00019064212171353008,0.00010461686239536881,0.00004377008915863957,0.00019402257372651586,0.00009792350812535857,0.00004898175011568883
0.060484206451102286,0.00015920057953917662,0.00014305174705968348,8.221941974810909e-6,0.0001665195839416069,0.00013485955605053093,0.000016127125941870854,0.00017290198728657245,0.00012701234800597584,0.000023395720426413955,0.00017801216212061935,0.00011983122742453245,0.000029701696873303802,0.00018150153065882923,0.00011364386212049569,0.00003470961655039557,0.000183004678034828,0.00010878770522790227,0.00003807132398277186
0.061169205988145056,0.00015738317304400443,0.00014483880183275343,6.4251354871536715e-6,0.00016289130174016852,0.00013844741071493606,0.000012530213647769356,0.000167452138489505,0.00013240479637983168,0.00001799215472537186,0.00017072622741537424,0.00012703562469875746,0.000022481827508035606,0.00017236101721405028,0.00012267118008079986,0.000025661058188238777,0.00017198693973158967,0.00011965265743324611,0.000027179898886943027
0.061854205525187875,0.00015556576653828595,0.0001466258566653593,4.631368348811373e-6,0.00015926302208324345,0.00014203526968684885,8.939887225742285e-6,0.00016200230231255548,0.0001377972705623602,0.000012599945281743229,0.00016344033078929984,0.00013424011490216625,0.00001528061518877865,0.00016322059448754258,0.000131698750802391,0.00001664385733183331,0.00016096939121667956,0.00013051817612508862,0.000016345501821003747
0.06253920506223062,0.00015374836004389782,0.00014841291155842884,2.8463924893351317e-6,0.00015563474518110184,0.00014562313264188998,5.369374283782304e-6,0.00015655248011638303,0.00014318976762303214,7.244494699992304e-6,0.00015615447762590018,0.0001414446838117028,8.147680401397062e-6,0.00015408027868865992,0.00014072652561063987,7.767993420852062e-6,0.0001499520743995194,0.0001413841306597669,5.891628994666252e-6
0.06322420459927332,0.00015193095358180444,0.0001501999665127007,1.1133276050860038e-6,0.00015200647126085079,0.00014921099928726366,1.9318499111974427e-6,0.00015110267345316267,0.0001485822850573953,2.2113071362797813e-6,0.0001488686743559387,0.00014864931996223427,2.023624241731849e-6,0.00014494009010657352,0.00014975446756756205,2.908799240452403e-6,0.0001389350444704659,0.0001522504276846469,6.430745612351471e-6
0.06390920413631583,0.00015011354717218837,0.0001519870215287425,9.285565551133373e-7,0.00014837820056882466,0.00015279886935802586,2.1510870082616937e-6,0.000145652884102935,0.00015397482071244747,3.9975177682661694e-6,0.0001415829287276391,0.00015585401400918067,6.8284901308724765e-6,0.0001358000544841624,0.00015878254813584867,0.000011017084717666838,0.00012791837562039363,0.00016311699872003288,0.00001694417361354845
0.06459420367335812,0.00014829614083457156,0.00015377407660696897,2.6400960195254603e-6,0.00014474993337330153,0.0001563867426138663,5.613873314933566e-6,0.0001402031141183771,0.00015936737272715848,9.260319067182203e-6,0.00013429725016473975,0.00016305875826008528,0.000013927826859287517,0.0001266602049865191,0.00016781074491948607,0.0000199771581053945,0.00011690216999316802,0.00017398379239327768,0.000027784220028042563
0.06527920321040014,0.00014647873458792759,0.00015556113174765776,4.423026960883896e-6,0.00014112166996760298,0.00015997461883632616,9.186796980049814e-6,0.0001347533658803779,0.00016475993948467072,0.00001463591341997719,0.0001270116502476788,0.00017026354632509625,0.000021122578090017684,0.00011752058508769777,0.00017683904009632866,0.00002901022548839924,0.00010588657222435356,0.00018485076941136534,0.00003867722943434031
0.06596420274744182,0.00014466132845078757,0.00015734818695096328,6.2162206160620444e-6,0.00013749341067365592,0.00016356249782638278,0.000012777799912641772,0.00012930364216761828,0.00017015251957358887,0.000020033709219762717,0.00011972614337036342,0.00017746837285257205,0.000028340167766716605,0.00010838125291759362,0.00018586741930740012,0.00003806435556958554,0.00009487179410407646,0.0001957178992079452,0.00004958831111702357
0.06664920228448318,0.00014284392244134046,0.00015913524221692932,8.012789819081443e-6,0.00013386515584610674,0.00016715037940234642,0.00001637499218049563,0.00012385394624447285,0.00017554511175640322,0.000025439578200668122,0.0001124407476521542,0.0001846732333265661,0.000035566694694929835,0.00009924228800986368,0.00019489587085485182,0.0000471274101789101,0.00008385815866659876,0.00020658515764841119,0.00006050768916184497
0.06733420182152416,0.00014102651657752776,0.00016092229754550112,9.810880349546907e-6,0.00013023690587709693,0.00017073826339802358,0.000019975030246669936,0.00011840428197313972,0.0001809377149435599,0.000030849276534337105,0.00010515548622881375,0.00019187812390993123,0.00004279763184154184,0.00009010380215486522,0.00020392438511294272,0.00005619507145969961,0.00007284618424966378,0.0002174525254229877,0.00007143155897795767
0.06801920135856478,0.00013920911087713443,0.00016270935293653574,0.000011609785368601716,0.00012660866120183794,0.00017432614966110814,0.00002357661051937638,0.00011295465395818722,0.00018633032817203353,0.00003626109037610558,0.00009787038911984482,0.00019908304132148705,0.000050031067015109786,0.00008096595759920769,0.00021295295408882894,0.00006526541933488709,0.00006183675829628244,0.00022831998689863838,0.00008235813321402149
0.06870420089560494,0.00013739170535787687,0.00016449640838981145,0.000013409177074028527,0.00012298042230515124,0.00017791403805176767,0.00002717911991207361,0.00010750506773502159,0.00019172295058751584,0.000041674195563033725,0.00009058549599660714,0.00020628798273892419,0.00005726605361039453,0.00007182899913004147,0.00022198157109052074,0.00007433747037126703,0.00005083153676689939,0.00023918752928390444,0.00009328646155225077
0.06938920043264472,0.00013557430003748792,0.0001662834639050366,0.000015208882720969654,0.00011935218972918133,0.00018150192844139907,0.00003078223220891198,0.00010205553001869504,0.0001971155814295293,0.0000470881467397972,0.00008330086040245666,0.00021349294572136775,0.00006450206956171462,0.00006269331419790201,0.00023101023047269228,0.0000834106688267959,0.00003983400461628312,0.00025005514201148927,0.00010421599215522621
0.07007419996968407,0.00013375689493380096,0.0001680705194818573,0.000017008802651722533,0.00011572396408254325,0.00018508982071152854,0.00003438575787782761,0.00009660604903688279,0.00020250822001891778,0.00005250268218773953,0.00007601655639854807,0.00022069792814710464,0.00007173880337492813,0.000053559554522357245,0.00024003892743984666,0.00009248467698311092,0.000028852955834031374,0.0002609228162751118,0.00011514638265154136
0.07075919950672295,0.00013193949006483227,0.00016985757511986456,0.000018808875345436492,0.00011209574605122837,0.00018867771475283892,0.00003798957928073116,0.00009115663498224527,0.0002079008657472863,0.000057917638032734435,0.0000687326894339416,0.00022790292816312385,0.0000789760577003561,0.000044428907541162706,0.0002490676578922888,0.00010155927779188293,0.000017918720429109422,0.00027179054467746155,0.0001260774093748223
0.07144419904376142,0.00013012208544886382,0.0001716446308186007,0.000020609060770532993,0.00010846753641168431,0.00019226561046430598,0.00004159361954141291,0.00008570730063730609,0.00021329351806804192,0.00006333290643432202,0.0000614494149430791,0.0002351079441439329,0.00008621370144225172,0.00003530378848309757,0.0002580964183044217,0.0001106343254043171,7.246403934799077e-6,0.0002826583209593538,0.0001370089200264172
0.07212919858079923,0.00012830468110452606,0.00017343168657756513,0.000022409331756458837,0.00010483933604659695,0.0001958535077524303,0.00004519782629969644,0.00008025806225382302,0.00021868617648876075,0.00006874841352456347,0.000054166971938636896,0.000242312974657721,0.00009345164411094455,0.000026189976138347188,0.00026712520562772053,0.0001197097181916077,5.175185032039662e-6,0.00029352613978904406,0.0001479408073156185
0.07281419811783683,0.00012648727705088237,0.00017521874239621952,0.00002420966921328263,0.00010121114596405294,0.0001994414065305526,0.00004880216266112939,0.00007480894081638613,0.00022407884056465836,0.00007416410700809075,0.00004688574788925601,0.00024951801843838423,0.00010068982123224529,0.00001710555269695758,0.0002761540172127396,0.00012878538316819842,0.000015617203413776037,0.00030439399659667153,0.00015887299347860107
0.07349919765487391,0.00012466987330751487,0.00017700579827399304,0.00002601005933582021,0.00009758296732096466,0.0002030293067182423,0.00005240660187991926,0.00006935996390148628,0.00022947150989298032,0.00007957994882342705,0.000039606415095972094,0.00025672307436226145,0.0001079281856258473,8.14940065365257e-6,0.0002851828507459299,0.00013786126656565003,0.000026530244521353403,0.00031526188744293815,0.00016980542077557278